<?xml version="1.0" encoding="UTF-8"?>
<project-private xmlns="http://www.netbeans.org/ns/project-private/1">
    <editor-bookmarks xmlns="http://www.netbeans.org/ns/editor-bookmarks/2" lastBookmarkId="0"/>
    <open-files xmlns="http://www.netbeans.org/ns/projectui-open-files/2">
        <group>
            <file>file:/D:/netbeansprojects/Cms/src/cms/RegisterMain.fxml</file>
            <file>file:/D:/netbeansprojects/Cms/src/cms/HomeController.java</file>
            <file>file:/D:/netbeansprojects/Cms/src/cms/RegisterController.java</file>
            <file>file:/D:/netbeansprojects/Cms/src/cms/Register.java</file>
            <file>file:/D:/netbeansprojects/Cms/src/cms/ConnectionUtil.java</file>
            <file>file:/D:/netbeansprojects/Cms/src/cms/Register.fxml</file>
            <file>file:/D:/netbeansprojects/Cms/src/cms/RegisterMainController.java</file>
            <file>file:/D:/netbeansprojects/Cms/src/cms/PrintReport.java</file>
            <file>file:/D:/netbeansprojects/Cms/src/cms/Cms.java</file>
            <file>file:/D:/netbeansprojects/Cms/src/cms/LoginController.java</file>
            <file>file:/D:/netbeansprojects/Cms/src/cms/Splash.java</file>
            <file>file:/D:/netbeansprojects/Cms/src/cms/styles.css</file>
        </group>
    </open-files>
</project-private>
